Index,Date,Time,Global_active_power,Global_reactive_power,Voltage,Global_intensity,Sub_metering_1,Sub_metering_2
0,30/8/2023,21:18:38,0.0,0.0,218.0,0.0,0.0,0.0
1,30/8/2023,21:18:39,16.51,5.43,216.0,80.46,8.38,8.13
2,30/8/2023,21:18:40,0.33,0.11,220.0,1.57,0.33,0.0
3,30/8/2023,21:18:41,1.87,0.61,216.0,9.11,0.97,0.9
4,30/8/2023,21:18:42,18.22,5.99,218.0,88.0,9.11,9.11
5,30/8/2023,21:18:43,16.99,5.58,218.0,82.03,8.79,8.2
6,30/8/2023,21:18:44,0.33,0.11,218.0,1.57,0.33,0.0
7,30/8/2023,21:18:45,1.11,0.36,218.0,5.34,0.65,0.46
8,30/8/2023,21:18:46,18.06,5.94,216.0,88.0,9.03,9.03
9,30/8/2023,21:18:47,17.44,5.73,218.0,84.23,8.79,8.66
10,30/8/2023,21:18:48,0.33,0.11,220.0,1.57,0.33,0.0
11,30/8/2023,21:18:49,0.65,0.21,218.0,3.14,0.65,0.0
12,30/8/2023,21:18:50,18.22,5.99,218.0,88.0,9.11,9.11
13,30/8/2023,21:18:51,16.83,5.53,216.0,82.03,8.71,8.13
14,30/8/2023,21:18:52,0.33,0.11,220.0,1.57,0.33,0.0
15,30/8/2023,21:18:53,1.42,0.47,216.0,6.91,0.97,0.45
16,30/8/2023,21:18:54,18.06,5.94,216.0,88.0,9.03,9.03
17,30/8/2023,21:18:55,16.83,5.53,216.0,82.03,8.71,8.13
18,30/8/2023,21:18:56,0.33,0.11,220.0,1.57,0.33,0.0
19,30/8/2023,21:18:57,1.89,0.62,218.0,9.11,0.98,0.91
20,30/8/2023,21:18:58,18.22,5.99,218.0,88.0,9.11,9.11
21,30/8/2023,21:18:59,16.21,5.33,218.0,78.26,8.46,7.75
22,30/8/2023,21:19:0,0.33,0.11,218.0,1.57,0.33,0.0
23,30/8/2023,21:19:1,3.45,1.13,218.0,16.66,1.63,1.82
24,30/8/2023,21:19:2,18.22,5.99,218.0,88.0,9.11,9.11
25,30/8/2023,21:19:3,8.2,2.7,218.0,39.6,4.56,3.65
26,30/8/2023,21:19:4,0.33,0.11,218.0,1.57,0.33,0.0
27,30/8/2023,21:19:5,15.23,5.01,218.0,73.54,7.49,7.75
28,30/8/2023,21:19:6,18.39,6.05,220.0,88.0,9.2,9.2
29,30/8/2023,21:19:7,0.33,0.11,220.0,1.57,0.33,0.0
30,30/8/2023,21:19:8,0.33,0.11,220.0,1.57,0.33,0.0
31,30/8/2023,21:19:9,18.22,5.99,218.0,88.0,9.11,9.11
32,30/8/2023,21:19:10,18.22,5.99,218.0,88.0,9.11,9.11
33,30/8/2023,21:19:11,0.33,0.11,218.0,1.57,0.33,0.0
34,30/8/2023,21:19:12,1.11,0.36,218.0,5.34,0.65,0.46
35,30/8/2023,21:19:13,18.22,5.99,218.0,88.0,9.11,9.11
36,30/8/2023,21:19:14,16.99,5.58,218.0,82.03,8.79,8.2
37,30/8/2023,21:19:15,0.33,0.11,218.0,1.57,0.33,0.0
38,30/8/2023,21:19:16,1.9,0.63,220.0,9.11,0.99,0.92
39,30/8/2023,21:19:17,18.39,6.05,220.0,88.0,9.2,9.2
40,30/8/2023,21:19:18,14.19,4.66,218.0,68.51,7.81,6.38
41,30/8/2023,21:19:19,0.33,0.11,220.0,1.57,0.33,0.0
42,30/8/2023,21:19:20,11.56,3.8,220.0,55.31,5.58,5.98
43,30/8/2023,21:19:21,18.22,5.99,218.0,88.0,9.11,9.11
44,30/8/2023,21:19:22,0.65,0.21,218.0,3.14,0.65,0.0
45,30/8/2023,21:19:23,0.33,0.11,218.0,1.57,0.33,0.0
46,30/8/2023,21:19:24,18.22,5.99,218.0,88.0,9.11,9.11
47,30/8/2023,21:19:25,17.89,5.88,214.0,88.0,8.95,8.95
48,30/8/2023,21:19:26,0.33,0.11,218.0,1.57,0.33,0.0
49,30/8/2023,21:19:27,0.66,0.22,222.0,3.14,0.66,0.0
50,30/8/2023,21:19:28,18.22,5.99,218.0,88.0,9.11,9.11
51,30/8/2023,21:19:29,18.39,6.05,220.0,88.0,9.2,9.2
52,30/8/2023,21:19:30,0.33,0.11,218.0,1.57,0.33,0.0
53,30/8/2023,21:19:31,1.11,0.36,218.0,5.34,0.65,0.46
54,30/8/2023,21:19:32,18.22,5.99,218.0,88.0,9.11,9.11
55,30/8/2023,21:19:33,16.99,5.58,218.0,82.03,8.79,8.2
56,30/8/2023,21:19:34,0.33,0.11,218.0,1.57,0.33,0.0
57,30/8/2023,21:19:35,1.89,0.62,218.0,9.11,0.98,0.91
58,30/8/2023,21:19:36,18.38,6.04,216.0,89.57,9.35,9.03
59,30/8/2023,21:19:37,13.99,4.6,220.0,66.94,7.55,6.44
60,30/8/2023,21:19:38,0.33,0.11,220.0,1.57,0.33,0.0
61,30/8/2023,21:19:39,14.12,4.64,218.0,68.2,6.83,7.29
62,30/8/2023,21:19:40,18.06,5.94,216.0,88.0,9.03,9.03
63,30/8/2023,21:19:41,0.32,0.11,216.0,1.57,0.32,0.0
64,30/8/2023,21:19:42,0.33,0.11,220.0,1.57,0.33,0.0
65,30/8/2023,21:19:43,18.22,5.99,218.0,88.0,9.11,9.11
66,30/8/2023,21:19:44,18.06,5.94,216.0,88.0,9.03,9.03
67,30/8/2023,21:19:45,0.33,0.11,222.0,1.57,0.33,0.0
68,30/8/2023,21:19:46,0.33,0.11,218.0,1.57,0.33,0.0
69,30/8/2023,21:19:47,18.22,5.99,218.0,88.0,9.11,9.11
70,30/8/2023,21:19:48,18.22,5.99,218.0,88.0,9.11,9.11
71,30/8/2023,21:19:49,0.33,0.11,220.0,1.57,0.33,0.0
72,30/8/2023,21:19:50,0.33,0.11,218.0,1.57,0.33,0.0
73,30/8/2023,21:19:51,18.56,6.1,222.0,88.0,9.28,9.28
74,30/8/2023,21:19:52,18.39,6.05,220.0,88.0,9.2,9.2
75,30/8/2023,21:19:53,0.33,0.11,220.0,1.57,0.33,0.0
76,30/8/2023,21:19:54,0.32,0.11,216.0,1.57,0.32,0.0
77,30/8/2023,21:19:55,12.65,4.16,214.0,62.23,6.39,6.26
78,30/8/2023,21:19:56,18.22,5.99,218.0,88.0,9.11,9.11
79,30/8/2023,21:19:57,7.75,2.55,218.0,37.4,4.56,3.19
80,30/8/2023,21:19:58,0.33,0.11,218.0,1.57,0.33,0.0
81,30/8/2023,21:19:59,4.23,1.39,218.0,20.43,1.95,2.28
82,30/8/2023,21:20:0,18.56,6.1,222.0,88.0,9.28,9.28
83,30/8/2023,21:20:1,15.74,5.17,216.0,76.69,8.06,7.67
84,30/8/2023,21:20:2,0.33,0.11,218.0,1.57,0.33,0.0
85,30/8/2023,21:20:3,1.9,0.63,220.0,9.11,0.99,0.92
86,30/8/2023,21:20:4,18.22,5.99,218.0,88.0,9.11,9.11
87,30/8/2023,21:20:5,17.14,5.64,220.0,82.03,8.87,8.28
88,30/8/2023,21:20:6,0.33,0.11,218.0,1.57,0.33,0.0
89,30/8/2023,21:20:7,1.46,0.48,222.0,6.91,0.99,0.46
90,30/8/2023,21:20:8,18.22,5.99,218.0,88.0,9.11,9.11
91,30/8/2023,21:20:9,16.99,5.58,218.0,82.03,8.79,8.2
92,30/8/2023,21:20:10,0.33,0.11,218.0,1.57,0.33,0.0
93,30/8/2023,21:20:11,0.65,0.21,218.0,3.14,0.65,0.0
94,30/8/2023,21:20:12,18.22,5.99,218.0,88.0,9.11,9.11
95,30/8/2023,21:20:13,18.22,5.99,218.0,88.0,9.11,9.11
96,30/8/2023,21:20:14,0.33,0.11,218.0,1.57,0.33,0.0
97,30/8/2023,21:20:15,0.33,0.11,218.0,1.57,0.33,0.0
98,30/8/2023,21:20:16,18.22,5.99,218.0,88.0,9.11,9.11
99,30/8/2023,21:20:17,18.22,5.99,218.0,88.0,9.11,9.11
100,30/8/2023,21:20:18,0.98,0.32,218.0,4.71,0.98,0.0
101,30/8/2023,21:20:19,0.33,0.11,218.0,1.57,0.33,0.0
102,30/8/2023,21:20:20,10.67,3.51,218.0,51.54,5.21,5.47
103,30/8/2023,21:20:21,18.22,5.99,218.0,88.0,9.11,9.11
104,30/8/2023,21:20:22,11.2,3.68,218.0,54.06,6.18,5.01
105,30/8/2023,21:20:23,0.33,0.11,218.0,1.57,0.33,0.0
106,30/8/2023,21:20:24,2.67,0.88,218.0,12.89,1.3,1.37
107,30/8/2023,21:20:25,18.22,5.99,218.0,88.0,9.11,9.11
108,30/8/2023,21:20:26,16.21,5.33,218.0,78.26,8.46,7.75
109,30/8/2023,21:20:27,0.33,0.11,218.0,1.57,0.33,0.0
110,30/8/2023,21:20:28,1.89,0.62,218.0,9.11,0.98,0.91
111,30/8/2023,21:20:29,18.22,5.99,218.0,88.0,9.11,9.11
112,30/8/2023,21:20:30,16.66,5.48,218.0,80.46,8.46,8.2
113,30/8/2023,21:20:31,0.33,0.11,220.0,1.57,0.33,0.0
114,30/8/2023,21:20:32,1.89,0.62,218.0,9.11,0.98,0.91
115,30/8/2023,21:20:33,18.22,5.99,218.0,88.0,9.11,9.11
116,30/8/2023,21:20:34,16.82,5.53,220.0,80.46,8.54,8.28
117,30/8/2023,21:20:35,0.33,0.11,218.0,1.57,0.33,0.0
118,30/8/2023,21:20:36,1.89,0.62,218.0,9.11,0.98,0.91
119,30/8/2023,21:20:37,18.06,5.94,216.0,88.0,9.03,9.03
120,30/8/2023,21:20:38,16.36,5.38,220.0,78.26,8.54,7.82
121,30/8/2023,21:20:39,0.33,0.11,220.0,1.57,0.33,0.0
122,30/8/2023,21:20:40,2.21,0.73,218.0,10.69,1.3,0.91
123,30/8/2023,21:20:41,18.39,6.05,220.0,88.0,9.2,9.2
124,30/8/2023,21:20:42,15.43,5.07,218.0,74.49,8.14,7.29
125,30/8/2023,21:20:43,0.32,0.11,214.0,1.57,0.32,0.0
126,30/8/2023,21:20:44,3.45,1.13,218.0,16.66,1.63,1.82
127,30/8/2023,21:20:45,18.22,5.99,218.0,88.0,9.11,9.11
128,30/8/2023,21:20:46,10.51,3.45,220.0,50.29,5.91,4.6
129,30/8/2023,21:20:47,0.33,0.11,218.0,1.57,0.33,0.0
130,30/8/2023,21:20:49,12.46,4.1,222.0,59.09,5.97,6.5
131,30/8/2023,21:20:50,18.56,6.1,222.0,88.0,9.28,9.28
132,30/8/2023,21:20:51,0.99,0.32,220.0,4.71,0.99,0.0
133,30/8/2023,21:20:52,0.33,0.11,220.0,1.57,0.33,0.0
134,30/8/2023,21:20:53,17.9,5.88,218.0,86.43,8.79,9.11
135,30/8/2023,21:20:54,18.39,6.05,220.0,88.0,9.2,9.2
136,30/8/2023,21:20:55,0.33,0.11,220.0,1.57,0.33,0.0
137,30/8/2023,21:20:56,0.33,0.11,218.0,1.57,0.33,0.0
138,30/8/2023,21:20:57,18.22,5.99,218.0,88.0,9.11,9.11
139,30/8/2023,21:20:58,18.22,5.99,218.0,88.0,9.11,9.11
140,30/8/2023,21:20:59,0.33,0.11,218.0,1.57,0.33,0.0
141,30/8/2023,21:21:0,0.33,0.11,218.0,1.57,0.33,0.0
142,30/8/2023,21:21:1,18.39,6.05,220.0,88.0,9.2,9.2
143,30/8/2023,21:21:2,18.39,6.05,220.0,88.0,9.2,9.2
144,30/8/2023,21:21:3,0.33,0.11,218.0,1.57,0.33,0.0
145,30/8/2023,21:21:4,0.33,0.11,218.0,1.57,0.33,0.0
146,30/8/2023,21:21:5,18.06,5.94,216.0,88.0,9.03,9.03
147,30/8/2023,21:21:6,18.06,5.94,216.0,88.0,9.03,9.03
148,30/8/2023,21:21:7,0.32,0.11,216.0,1.57,0.32,0.0
149,30/8/2023,21:21:8,0.33,0.11,218.0,1.57,0.33,0.0
150,30/8/2023,21:21:9,17.9,5.88,218.0,86.43,8.79,9.11
151,30/8/2023,21:21:10,18.39,6.05,220.0,88.0,9.2,9.2
152,30/8/2023,21:21:11,0.99,0.32,220.0,4.71,0.99,0.0
153,30/8/2023,21:21:12,0.33,0.11,220.0,1.57,0.33,0.0
154,30/8/2023,21:21:13,13.67,4.49,218.0,66.0,6.83,6.83
155,30/8/2023,21:21:14,18.22,5.99,218.0,88.0,9.11,9.11
156,30/8/2023,21:21:15,4.84,1.59,222.0,22.94,2.98,1.86
157,30/8/2023,21:21:16,0.33,0.11,220.0,1.57,0.33,0.0
158,30/8/2023,21:21:17,11.35,3.73,216.0,55.31,5.48,5.87
159,30/8/2023,21:21:18,18.22,5.99,218.0,88.0,9.11,9.11
160,30/8/2023,21:21:19,5.91,1.94,220.0,28.29,3.61,2.3
161,30/8/2023,21:21:20,0.33,0.11,220.0,1.57,0.33,0.0
162,30/8/2023,21:21:21,11.13,3.66,218.0,53.74,5.21,5.92
163,30/8/2023,21:21:22,18.39,6.05,220.0,88.0,9.2,9.2
164,30/8/2023,21:21:23,6.37,2.09,220.0,30.49,3.61,2.76
165,30/8/2023,21:21:24,0.33,0.11,222.0,1.57,0.33,0.0
166,30/8/2023,21:21:25,10.58,3.48,216.0,51.54,5.16,5.42
167,30/8/2023,21:21:26,18.39,6.05,220.0,88.0,9.2,9.2
168,30/8/2023,21:21:27,6.37,2.09,220.0,30.49,3.61,2.76
169,30/8/2023,21:21:28,0.33,0.11,218.0,1.57,0.33,0.0
170,30/8/2023,21:21:29,12.24,4.02,218.0,59.09,5.86,6.38
171,30/8/2023,21:21:30,18.39,6.05,220.0,88.0,9.2,9.2
172,30/8/2023,21:21:31,3.64,1.2,218.0,17.6,2.28,1.37
173,30/8/2023,21:21:32,0.32,0.11,216.0,1.57,0.32,0.0
174,30/8/2023,21:21:33,13.54,4.45,216.0,66.0,6.77,6.77
175,30/8/2023,21:21:34,18.39,6.05,220.0,88.0,9.2,9.2
176,30/8/2023,21:21:35,1.31,0.43,220.0,6.29,1.31,0.0
177,30/8/2023,21:21:36,0.32,0.11,216.0,1.57,0.32,0.0
178,30/8/2023,21:21:37,17.9,5.88,218.0,86.43,8.79,9.11
179,30/8/2023,21:21:38,18.22,5.99,218.0,88.0,9.11,9.11
180,30/8/2023,21:21:39,0.32,0.11,216.0,1.57,0.32,0.0
181,30/8/2023,21:21:40,0.32,0.11,216.0,1.57,0.32,0.0
182,30/8/2023,21:21:41,18.22,5.99,218.0,88.0,9.11,9.11
183,30/8/2023,21:21:42,17.89,5.88,214.0,88.0,8.95,8.95
184,30/8/2023,21:21:43,0.32,0.11,214.0,1.57,0.32,0.0
185,30/8/2023,21:21:44,0.33,0.11,218.0,1.57,0.33,0.0
186,30/8/2023,21:21:45,18.22,5.99,218.0,88.0,9.11,9.11
187,30/8/2023,21:21:46,18.22,5.99,218.0,88.0,9.11,9.11
188,30/8/2023,21:21:47,0.33,0.11,218.0,1.57,0.33,0.0
189,30/8/2023,21:21:48,0.65,0.21,218.0,3.14,0.65,0.0
190,30/8/2023,21:21:49,18.06,5.94,216.0,88.0,9.03,9.03
191,30/8/2023,21:21:50,18.22,5.99,218.0,88.0,9.11,9.11
192,30/8/2023,21:21:51,0.33,0.11,218.0,1.57,0.33,0.0
193,30/8/2023,21:21:52,0.32,0.11,214.0,1.57,0.32,0.0
194,30/8/2023,21:21:53,18.22,5.99,218.0,88.0,9.11,9.11
195,30/8/2023,21:21:54,18.22,5.99,218.0,88.0,9.11,9.11
196,30/8/2023,21:21:55,0.33,0.11,218.0,1.57,0.33,0.0
197,30/8/2023,21:21:56,0.33,0.11,218.0,1.57,0.33,0.0
198,30/8/2023,21:21:57,18.22,5.99,218.0,88.0,9.11,9.11
199,30/8/2023,21:21:58,18.22,5.99,218.0,88.0,9.11,9.11
200,30/8/2023,21:21:59,0.33,0.11,218.0,1.57,0.33,0.0
201,30/8/2023,21:22:0,0.33,0.11,218.0,1.57,0.33,0.0
202,30/8/2023,21:22:1,18.22,5.99,218.0,88.0,9.11,9.11
203,30/8/2023,21:22:2,18.39,6.05,220.0,88.0,9.2,9.2
204,30/8/2023,21:22:3,0.33,0.11,220.0,1.57,0.33,0.0
205,30/8/2023,21:22:4,0.32,0.11,216.0,1.57,0.32,0.0
206,30/8/2023,21:22:5,18.22,5.99,218.0,88.0,9.11,9.11
207,30/8/2023,21:22:6,18.06,5.94,216.0,88.0,9.03,9.03
208,30/8/2023,21:22:7,0.32,0.1,212.0,1.57,0.32,0.0
209,30/8/2023,21:22:8,0.33,0.11,218.0,1.57,0.33,0.0
210,30/8/2023,21:22:9,17.74,5.83,220.0,84.86,8.54,9.2
211,30/8/2023,21:22:10,18.22,5.99,218.0,88.0,9.11,9.11
212,30/8/2023,21:22:11,0.33,0.11,218.0,1.57,0.33,0.0
213,30/8/2023,21:22:12,0.33,0.11,218.0,1.57,0.33,0.0
214,30/8/2023,21:22:13,17.57,5.78,218.0,84.86,8.46,9.11
215,30/8/2023,21:22:14,18.22,5.99,218.0,88.0,9.11,9.11
216,30/8/2023,21:22:15,0.65,0.21,218.0,3.14,0.65,0.0
217,30/8/2023,21:22:16,0.33,0.11,218.0,1.57,0.33,0.0
218,30/8/2023,21:22:17,18.56,6.1,222.0,88.0,9.28,9.28
219,30/8/2023,21:22:18,18.22,5.99,218.0,88.0,9.11,9.11
220,30/8/2023,21:22:19,0.33,0.11,218.0,1.57,0.33,0.0
221,30/8/2023,21:22:20,0.33,0.11,218.0,1.57,0.33,0.0
222,30/8/2023,21:22:21,18.22,5.99,218.0,88.0,9.11,9.11
223,30/8/2023,21:22:22,18.39,6.05,220.0,88.0,9.2,9.2
224,30/8/2023,21:22:23,0.32,0.11,216.0,1.57,0.32,0.0
225,30/8/2023,21:22:24,0.33,0.11,218.0,1.57,0.33,0.0
226,30/8/2023,21:22:25,18.22,5.99,218.0,88.0,9.11,9.11
227,30/8/2023,21:22:26,18.39,6.05,220.0,88.0,9.2,9.2
228,30/8/2023,21:22:27,0.33,0.11,218.0,1.57,0.33,0.0
229,30/8/2023,21:22:28,0.65,0.21,218.0,3.14,0.65,0.0
230,30/8/2023,21:22:29,17.89,5.88,214.0,88.0,8.95,8.95
231,30/8/2023,21:22:30,17.89,5.88,214.0,88.0,8.95,8.95
232,30/8/2023,21:22:31,0.32,0.11,216.0,1.57,0.32,0.0
233,30/8/2023,21:22:32,0.64,0.21,216.0,3.14,0.64,0.0
234,30/8/2023,21:22:33,18.22,5.99,218.0,88.0,9.11,9.11
235,30/8/2023,21:22:34,16.83,5.53,216.0,82.03,8.71,8.13
236,30/8/2023,21:22:35,0.33,0.11,218.0,1.57,0.33,0.0
237,30/8/2023,21:22:36,1.43,0.47,218.0,6.91,0.98,0.46
238,30/8/2023,21:22:37,18.22,5.99,218.0,88.0,9.11,9.11
239,30/8/2023,21:22:38,16.36,5.38,220.0,78.26,8.54,7.82
240,30/8/2023,21:22:39,0.33,0.11,218.0,1.57,0.33,0.0
241,30/8/2023,21:22:40,7.54,2.48,214.0,37.09,3.51,4.03
242,30/8/2023,21:22:41,18.22,5.99,218.0,88.0,9.11,9.11
243,30/8/2023,21:22:42,0.31,0.1,208.0,1.57,0.31,0.0
244,30/8/2023,21:22:43,0.33,0.11,218.0,1.57,0.33,0.0
245,30/8/2023,21:22:44,18.06,5.94,216.0,88.0,9.03,9.03
246,30/8/2023,21:22:45,18.22,5.99,218.0,88.0,9.11,9.11
247,30/8/2023,21:22:46,0.33,0.11,220.0,1.57,0.33,0.0
248,30/8/2023,21:22:47,0.65,0.21,218.0,3.14,0.65,0.0
249,30/8/2023,21:22:48,18.06,5.94,216.0,88.0,9.03,9.03
250,30/8/2023,21:22:49,16.99,5.58,218.0,82.03,8.79,8.2
251,30/8/2023,21:22:50,0.33,0.11,218.0,1.57,0.33,0.0
252,30/8/2023,21:22:51,1.89,0.62,218.0,9.11,0.98,0.91
253,30/8/2023,21:22:52,18.39,6.05,220.0,88.0,9.2,9.2
254,30/8/2023,21:22:53,16.2,5.33,212.0,80.46,8.23,7.98
255,30/8/2023,21:22:54,0.33,0.11,220.0,1.57,0.33,0.0
256,30/8/2023,21:22:55,2.99,0.98,218.0,14.46,1.63,1.37
257,30/8/2023,21:22:56,18.22,5.99,218.0,88.0,9.11,9.11
258,30/8/2023,21:22:57,3.97,1.31,218.0,19.17,2.6,1.37
259,30/8/2023,21:22:58,0.33,0.11,222.0,1.57,0.33,0.0
260,30/8/2023,21:22:59,18.56,6.1,222.0,88.0,9.28,9.28
261,30/8/2023,21:23:0,18.39,6.05,220.0,88.0,9.2,9.2
262,30/8/2023,21:23:1,0.0,0.0,222.0,0.0,0.0,0.0
263,30/8/2023,21:23:2,1.11,0.36,218.0,5.34,0.65,0.46
264,30/8/2023,21:23:3,18.22,5.99,218.0,88.0,9.11,9.11
265,30/8/2023,21:23:4,16.99,5.58,218.0,82.03,8.79,8.2
266,30/8/2023,21:23:5,0.32,0.11,214.0,1.57,0.32,0.0
267,30/8/2023,21:23:6,1.89,0.62,218.0,9.11,0.98,0.91
268,30/8/2023,21:23:7,18.22,5.99,218.0,88.0,9.11,9.11
269,30/8/2023,21:23:8,13.08,4.3,218.0,63.17,7.16,5.92
270,30/8/2023,21:23:9,0.33,0.11,218.0,1.57,0.33,0.0
271,30/8/2023,21:23:10,16.79,5.52,218.0,81.09,8.14,8.66
272,30/8/2023,21:23:11,18.22,5.99,218.0,88.0,9.11,9.11
273,30/8/2023,21:23:12,0.33,0.11,220.0,1.57,0.33,0.0
274,30/8/2023,21:23:13,0.33,0.11,218.0,1.57,0.33,0.0
275,30/8/2023,21:23:14,18.22,5.99,218.0,88.0,9.11,9.11
276,30/8/2023,21:23:15,16.99,5.58,218.0,82.03,8.79,8.2
277,30/8/2023,21:23:16,0.33,0.11,218.0,1.57,0.33,0.0
278,30/8/2023,21:23:17,1.9,0.63,220.0,9.11,0.99,0.92
279,30/8/2023,21:23:18,18.39,6.05,220.0,88.0,9.2,9.2
280,30/8/2023,21:23:19,14.65,4.81,218.0,70.71,7.81,6.83
281,30/8/2023,21:23:20,0.33,0.11,218.0,1.57,0.33,0.0
282,30/8/2023,21:23:21,17.74,5.83,220.0,84.86,8.54,9.2
283,30/8/2023,21:23:22,18.56,6.1,222.0,88.0,9.28,9.28
284,30/8/2023,21:23:23,0.33,0.11,218.0,1.57,0.33,0.0
285,30/8/2023,21:23:24,0.66,0.22,220.0,3.14,0.66,0.0
286,30/8/2023,21:23:25,18.22,5.99,218.0,88.0,9.11,9.11
287,30/8/2023,21:23:26,16.99,5.58,218.0,82.03,8.79,8.2
288,30/8/2023,21:23:27,0.33,0.11,218.0,1.57,0.33,0.0
289,30/8/2023,21:23:28,1.9,0.63,220.0,9.11,0.99,0.92
290,30/8/2023,21:23:29,18.22,5.99,218.0,88.0,9.11,9.11
291,30/8/2023,21:23:30,16.21,5.33,218.0,78.26,8.46,7.75
292,30/8/2023,21:23:31,0.33,0.11,220.0,1.57,0.33,0.0
293,30/8/2023,21:23:32,8.46,2.78,218.0,40.86,3.91,4.56
294,30/8/2023,21:23:33,18.56,6.1,222.0,88.0,9.28,9.28
295,30/8/2023,21:23:35,0.33,0.11,218.0,1.57,0.33,0.0
296,30/8/2023,21:23:36,0.33,0.11,218.0,1.57,0.33,0.0
297,30/8/2023,21:23:37,18.56,6.1,222.0,88.0,9.28,9.28
298,30/8/2023,21:23:38,18.22,5.99,218.0,88.0,9.11,9.11
299,30/8/2023,21:23:39,0.33,0.11,220.0,1.57,0.33,0.0
300,30/8/2023,21:23:40,0.33,0.11,220.0,1.57,0.33,0.0
301,30/8/2023,21:23:41,18.22,5.99,218.0,88.0,9.11,9.11
302,30/8/2023,21:23:42,16.99,5.58,218.0,82.03,8.79,8.2
303,30/8/2023,21:23:43,0.33,0.11,220.0,1.57,0.33,0.0
304,30/8/2023,21:23:44,1.89,0.62,218.0,9.11,0.98,0.91
305,30/8/2023,21:23:45,18.22,5.99,218.0,88.0,9.11,9.11
306,30/8/2023,21:23:46,15.91,5.23,214.0,78.26,8.31,7.6
307,30/8/2023,21:23:47,0.33,0.11,218.0,1.57,0.33,0.0
308,30/8/2023,21:23:48,8.46,2.78,218.0,40.86,3.91,4.56
309,30/8/2023,21:23:49,18.39,6.05,220.0,88.0,9.2,9.2
310,30/8/2023,21:23:50,0.32,0.11,214.0,1.57,0.32,0.0
311,30/8/2023,21:23:51,0.31,0.1,210.0,1.57,0.31,0.0
312,30/8/2023,21:23:52,18.22,5.99,218.0,88.0,9.11,9.11
313,30/8/2023,21:23:53,18.22,5.99,218.0,88.0,9.11,9.11
314,30/8/2023,21:23:54,0.31,0.1,210.0,1.57,0.31,0.0
315,30/8/2023,21:23:55,1.43,0.47,218.0,6.91,0.98,0.46
316,30/8/2023,21:23:56,18.22,5.99,218.0,88.0,9.11,9.11
317,30/8/2023,21:23:57,16.21,5.33,218.0,78.26,8.46,7.75
318,30/8/2023,21:23:58,0.32,0.11,216.0,1.57,0.32,0.0
319,30/8/2023,21:23:59,6.57,2.16,218.0,31.74,2.93,3.65
320,30/8/2023,21:24:0,18.22,5.99,218.0,88.0,9.11,9.11
321,30/8/2023,21:24:1,0.33,0.11,218.0,1.57,0.33,0.0
322,30/8/2023,21:24:2,0.33,0.11,218.0,1.57,0.33,0.0
323,30/8/2023,21:24:3,18.22,5.99,218.0,88.0,9.11,9.11
324,30/8/2023,21:24:4,18.22,5.99,218.0,88.0,9.11,9.11
325,30/8/2023,21:24:5,0.33,0.11,218.0,1.57,0.33,0.0
326,30/8/2023,21:24:6,1.11,0.36,218.0,5.34,0.65,0.46
327,30/8/2023,21:24:7,18.55,6.1,218.0,89.57,9.44,9.11
328,30/8/2023,21:24:8,17.3,5.69,222.0,82.03,8.95,8.35
329,30/8/2023,21:24:9,0.33,0.11,220.0,1.57,0.33,0.0
330,30/8/2023,21:24:10,1.87,0.61,216.0,9.11,0.97,0.9
331,30/8/2023,21:24:11,18.22,5.99,218.0,88.0,9.11,9.11
332,30/8/2023,21:24:12,15.24,5.01,220.0,72.91,7.88,7.36
333,30/8/2023,21:24:13,0.33,0.11,218.0,1.57,0.33,0.0
334,30/8/2023,21:24:14,12.56,4.13,218.0,60.66,6.18,6.38
335,30/8/2023,21:24:15,18.22,5.99,218.0,88.0,9.11,9.11
336,30/8/2023,21:24:16,0.33,0.11,218.0,1.57,0.33,0.0
337,30/8/2023,21:24:17,0.33,0.11,218.0,1.57,0.33,0.0
338,30/8/2023,21:24:18,18.22,5.99,218.0,88.0,9.11,9.11
339,30/8/2023,21:24:19,18.22,5.99,218.0,88.0,9.11,9.11
340,30/8/2023,21:24:20,0.33,0.11,218.0,1.57,0.33,0.0
341,30/8/2023,21:24:21,0.65,0.21,218.0,3.14,0.65,0.0
342,30/8/2023,21:24:22,17.56,5.77,210.0,88.0,8.78,8.78
343,30/8/2023,21:24:23,16.99,5.58,218.0,82.03,8.79,8.2
344,30/8/2023,21:24:24,0.33,0.11,220.0,1.57,0.33,0.0
345,30/8/2023,21:24:25,1.89,0.62,218.0,9.11,0.98,0.91
346,30/8/2023,21:24:26,18.22,5.99,218.0,88.0,9.11,9.11
347,30/8/2023,21:24:27,16.21,5.33,218.0,78.26,8.46,7.75
348,30/8/2023,21:24:28,0.33,0.11,218.0,1.57,0.33,0.0
349,30/8/2023,21:24:29,2.21,0.73,218.0,10.69,1.3,0.91
350,30/8/2023,21:24:30,17.39,5.72,208.0,88.0,8.69,8.69
351,30/8/2023,21:24:31,13.86,4.56,218.0,66.94,7.49,6.38
352,30/8/2023,21:24:32,0.33,0.11,218.0,1.57,0.33,0.0
353,30/8/2023,21:24:33,12.24,4.02,218.0,59.09,5.86,6.38
354,30/8/2023,21:24:34,18.22,5.99,218.0,88.0,9.11,9.11
355,30/8/2023,21:24:35,0.33,0.11,218.0,1.57,0.33,0.0
356,30/8/2023,21:24:36,0.33,0.11,220.0,1.57,0.33,0.0
357,30/8/2023,21:24:37,18.22,5.99,218.0,88.0,9.11,9.11
358,30/8/2023,21:24:38,18.22,5.99,218.0,88.0,9.11,9.11
359,30/8/2023,21:24:39,0.33,0.11,218.0,1.57,0.33,0.0
360,30/8/2023,21:24:40,0.33,0.11,218.0,1.57,0.33,0.0
361,30/8/2023,21:24:41,18.39,6.05,220.0,88.0,9.2,9.2
362,30/8/2023,21:24:42,18.22,5.99,218.0,88.0,9.11,9.11
363,30/8/2023,21:24:43,0.33,0.11,218.0,1.57,0.33,0.0
364,30/8/2023,21:24:44,0.33,0.11,218.0,1.57,0.33,0.0
365,30/8/2023,21:24:45,18.22,5.99,218.0,88.0,9.11,9.11
366,30/8/2023,21:24:46,18.22,5.99,218.0,88.0,9.11,9.11
367,30/8/2023,21:24:47,0.32,0.11,216.0,1.57,0.32,0.0
368,30/8/2023,21:24:48,0.65,0.21,218.0,3.14,0.65,0.0
369,30/8/2023,21:24:49,18.22,5.99,218.0,88.0,9.11,9.11
370,30/8/2023,21:24:50,18.22,5.99,218.0,88.0,9.11,9.11
371,30/8/2023,21:24:51,0.33,0.11,218.0,1.57,0.33,0.0
372,30/8/2023,21:24:52,0.33,0.11,220.0,1.57,0.33,0.0
373,30/8/2023,21:24:53,18.22,5.99,218.0,88.0,9.11,9.11
374,30/8/2023,21:24:54,18.39,6.05,220.0,88.0,9.2,9.2
375,30/8/2023,21:24:55,3.64,1.2,218.0,17.6,2.28,1.37
376,30/8/2023,21:24:56,0.33,0.11,220.0,1.57,0.33,0.0
377,30/8/2023,21:24:57,8.46,2.78,218.0,40.86,3.91,4.56
378,30/8/2023,21:24:58,18.22,5.99,218.0,88.0,9.11,9.11
379,30/8/2023,21:24:59,14.19,4.66,218.0,68.51,7.81,6.38
380,30/8/2023,21:25:0,0.33,0.11,218.0,1.57,0.33,0.0
381,30/8/2023,21:25:1,2.21,0.73,218.0,10.69,1.3,0.91
382,30/8/2023,21:25:2,18.22,5.99,218.0,88.0,9.11,9.11
383,30/8/2023,21:25:3,16.21,5.33,218.0,78.26,8.46,7.75
384,30/8/2023,21:25:4,0.33,0.11,218.0,1.57,0.33,0.0
385,30/8/2023,21:25:5,1.89,0.62,218.0,9.11,0.98,0.91
386,30/8/2023,21:25:6,17.89,5.88,214.0,88.0,8.95,8.95
387,30/8/2023,21:25:7,16.66,5.48,218.0,80.46,8.46,8.2
388,30/8/2023,21:25:8,0.32,0.11,214.0,1.57,0.32,0.0
389,30/8/2023,21:25:9,1.43,0.47,218.0,6.91,0.98,0.46
390,30/8/2023,21:25:10,18.22,5.99,218.0,88.0,9.11,9.11
391,30/8/2023,21:25:11,16.99,5.58,218.0,82.03,8.79,8.2
392,30/8/2023,21:25:12,0.33,0.11,218.0,1.57,0.33,0.0
393,30/8/2023,21:25:13,1.11,0.36,218.0,5.34,0.65,0.46
394,30/8/2023,21:25:14,18.06,5.94,216.0,88.0,9.03,9.03
395,30/8/2023,21:25:15,16.99,5.58,218.0,82.03,8.79,8.2
396,30/8/2023,21:25:16,0.33,0.11,218.0,1.57,0.33,0.0
397,30/8/2023,21:25:17,1.43,0.47,218.0,6.91,0.98,0.46
398,30/8/2023,21:25:18,18.55,6.1,218.0,89.57,9.44,9.11
399,30/8/2023,21:25:19,16.66,5.48,218.0,80.46,8.46,8.2
400,30/8/2023,21:25:20,0.33,0.11,218.0,1.57,0.33,0.0
401,30/8/2023,21:25:21,1.43,0.47,218.0,6.91,0.98,0.46
402,30/8/2023,21:25:22,18.22,5.99,218.0,88.0,9.11,9.11
403,30/8/2023,21:25:23,16.83,5.53,216.0,82.03,8.71,8.13
404,30/8/2023,21:25:24,0.33,0.11,218.0,1.57,0.33,0.0
405,30/8/2023,21:25:25,1.43,0.47,218.0,6.91,0.98,0.46
406,30/8/2023,21:25:26,18.22,5.99,218.0,88.0,9.11,9.11
407,30/8/2023,21:25:27,17.14,5.64,220.0,82.03,8.87,8.28
408,30/8/2023,21:25:28,0.32,0.11,216.0,1.57,0.32,0.0
409,30/8/2023,21:25:29,1.11,0.36,218.0,5.34,0.65,0.46
410,30/8/2023,21:25:30,18.39,6.05,220.0,88.0,9.2,9.2
411,30/8/2023,21:25:31,17.44,5.73,218.0,84.23,8.79,8.66
412,30/8/2023,21:25:32,0.33,0.11,218.0,1.57,0.33,0.0
413,30/8/2023,21:25:33,0.65,0.21,218.0,3.14,0.65,0.0
414,30/8/2023,21:25:34,18.22,5.99,218.0,88.0,9.11,9.11
415,30/8/2023,21:25:35,18.22,5.99,218.0,88.0,9.11,9.11
416,30/8/2023,21:25:36,0.33,0.11,218.0,1.57,0.33,0.0
417,30/8/2023,21:25:37,0.66,0.22,220.0,3.14,0.66,0.0
418,30/8/2023,21:25:38,18.39,6.05,220.0,88.0,9.2,9.2
419,30/8/2023,21:25:39,18.22,5.99,218.0,88.0,9.11,9.11
420,30/8/2023,21:25:40,0.33,0.11,218.0,1.57,0.33,0.0
421,30/8/2023,21:25:41,0.33,0.11,218.0,1.57,0.33,0.0
422,30/8/2023,21:25:42,18.06,5.94,216.0,88.0,9.03,9.03
423,30/8/2023,21:25:43,18.22,5.99,218.0,88.0,9.11,9.11
424,30/8/2023,21:25:44,0.65,0.21,218.0,3.14,0.65,0.0
425,30/8/2023,21:25:45,0.32,0.11,214.0,1.57,0.32,0.0
426,30/8/2023,21:25:46,11.46,3.77,218.0,55.31,5.53,5.92
427,30/8/2023,21:25:47,18.22,5.99,218.0,88.0,9.11,9.11
428,30/8/2023,21:25:48,12.63,4.15,218.0,60.97,7.16,5.47
429,30/8/2023,21:25:49,0.33,0.11,218.0,1.57,0.33,0.0
430,30/8/2023,21:25:50,1.87,0.61,216.0,9.11,0.97,0.9
431,30/8/2023,21:25:51,18.22,5.99,218.0,88.0,9.11,9.11
432,30/8/2023,21:25:52,16.66,5.48,218.0,80.46,8.46,8.2
433,30/8/2023,21:25:53,0.32,0.11,214.0,1.57,0.32,0.0
434,30/8/2023,21:25:54,1.43,0.47,218.0,6.91,0.98,0.46
435,30/8/2023,21:25:55,18.22,5.99,218.0,88.0,9.11,9.11
436,30/8/2023,21:25:56,18.22,5.99,218.0,88.0,9.11,9.11
437,30/8/2023,21:25:57,0.32,0.11,216.0,1.57,0.32,0.0
438,30/8/2023,21:25:58,0.33,0.11,218.0,1.57,0.33,0.0
439,30/8/2023,21:25:59,14.45,4.75,218.0,69.77,7.16,7.29
440,30/8/2023,21:26:0,18.22,5.99,218.0,88.0,9.11,9.11
441,30/8/2023,21:26:1,16.21,5.33,218.0,78.26,8.46,7.75
442,30/8/2023,21:26:2,0.33,0.11,218.0,1.57,0.33,0.0
443,30/8/2023,21:26:3,1.43,0.47,218.0,6.91,0.98,0.46
444,30/8/2023,21:26:4,18.22,5.99,218.0,88.0,9.11,9.11
445,30/8/2023,21:26:5,17.89,5.88,214.0,88.0,8.95,8.95
446,30/8/2023,21:26:6,0.33,0.11,220.0,1.57,0.33,0.0
447,30/8/2023,21:26:7,0.33,0.11,220.0,1.57,0.33,0.0
448,30/8/2023,21:26:8,5.74,1.89,216.0,27.97,2.58,3.16
449,30/8/2023,21:26:9,18.22,5.99,218.0,88.0,9.11,9.11
450,30/8/2023,21:26:10,16.66,5.48,218.0,80.46,8.46,8.2
451,30/8/2023,21:26:11,0.33,0.11,220.0,1.57,0.33,0.0
452,30/8/2023,21:26:12,0.65,0.21,218.0,3.14,0.65,0.0
453,30/8/2023,21:26:13,18.22,5.99,218.0,88.0,9.11,9.11
454,30/8/2023,21:26:14,18.22,5.99,218.0,88.0,9.11,9.11
455,30/8/2023,21:26:15,8.53,2.8,218.0,41.17,4.88,3.65
456,30/8/2023,21:26:16,0.32,0.11,216.0,1.57,0.32,0.0
457,30/8/2023,21:26:17,1.89,0.62,218.0,9.11,0.98,0.91
458,30/8/2023,21:26:18,17.89,5.88,214.0,88.0,8.95,8.95
459,30/8/2023,21:26:19,17.89,5.88,214.0,88.0,8.95,8.95
460,30/8/2023,21:26:21,0.33,0.11,218.0,1.57,0.33,0.0
461,30/8/2023,21:26:22,0.33,0.11,218.0,1.57,0.33,0.0
462,30/8/2023,21:26:23,4.23,1.39,218.0,20.43,1.95,2.28
463,30/8/2023,21:26:24,18.22,5.99,218.0,88.0,9.11,9.11
464,30/8/2023,21:26:25,16.99,5.58,218.0,82.03,8.79,8.2
465,30/8/2023,21:26:26,0.32,0.11,216.0,1.57,0.32,0.0
466,30/8/2023,21:26:27,0.66,0.22,220.0,3.14,0.66,0.0
467,30/8/2023,21:26:28,18.22,5.99,218.0,88.0,9.11,9.11
468,30/8/2023,21:26:29,18.22,5.99,218.0,88.0,9.11,9.11
469,30/8/2023,21:26:30,2.86,0.94,218.0,13.83,1.95,0.91
470,30/8/2023,21:26:31,0.33,0.11,218.0,1.57,0.33,0.0
471,30/8/2023,21:26:32,2.67,0.88,218.0,12.89,1.3,1.37
472,30/8/2023,21:26:33,18.22,5.99,218.0,88.0,9.11,9.11
473,30/8/2023,21:26:34,16.53,5.43,218.0,79.83,8.79,7.75
474,30/8/2023,21:26:35,0.33,0.11,218.0,1.57,0.33,0.0
475,30/8/2023,21:26:36,1.42,0.47,216.0,6.91,0.97,0.45
476,30/8/2023,21:26:37,18.22,5.99,218.0,88.0,9.11,9.11
477,30/8/2023,21:26:38,18.23,5.99,222.0,86.43,8.95,9.28
478,30/8/2023,21:26:39,0.33,0.11,218.0,1.57,0.33,0.0
479,30/8/2023,21:26:40,0.33,0.11,218.0,1.57,0.33,0.0
480,30/8/2023,21:26:41,11.67,3.84,216.0,56.89,5.8,5.87
481,30/8/2023,21:26:42,18.22,5.99,218.0,88.0,9.11,9.11
482,30/8/2023,21:26:43,16.21,5.33,218.0,78.26,8.46,7.75
483,30/8/2023,21:26:44,0.32,0.11,216.0,1.57,0.32,0.0
484,30/8/2023,21:26:45,1.43,0.47,218.0,6.91,0.98,0.46
485,30/8/2023,21:26:46,18.55,6.1,218.0,89.57,9.44,9.11
486,30/8/2023,21:26:47,17.44,5.73,218.0,84.23,8.79,8.66
487,30/8/2023,21:26:48,0.33,0.11,224.0,1.57,0.33,0.0
488,30/8/2023,21:26:49,0.33,0.11,218.0,1.57,0.33,0.0
489,30/8/2023,21:26:50,18.22,5.99,218.0,88.0,9.11,9.11
490,30/8/2023,21:26:51,18.56,6.1,222.0,88.0,9.28,9.28
491,30/8/2023,21:26:52,13.86,4.56,218.0,66.94,7.49,6.38
492,30/8/2023,21:26:53,0.33,0.11,218.0,1.57,0.33,0.0
493,30/8/2023,21:26:54,1.89,0.62,218.0,9.11,0.98,0.91
494,30/8/2023,21:26:55,18.22,5.99,218.0,88.0,9.11,9.11
495,30/8/2023,21:26:56,17.93,5.89,220.0,85.8,9.2,8.74
496,30/8/2023,21:26:57,0.33,0.11,218.0,1.57,0.33,0.0
497,30/8/2023,21:26:58,0.33,0.11,218.0,1.57,0.33,0.0
498,30/8/2023,21:26:59,7.42,2.44,220.0,35.51,3.28,4.14
499,30/8/2023,21:27:0,18.72,6.15,220.0,89.57,9.52,9.2
500,30/8/2023,21:27:1,17.14,5.64,220.0,82.03,8.87,8.28
501,30/8/2023,21:27:2,0.33,0.11,218.0,1.57,0.33,0.0
502,30/8/2023,21:27:3,0.33,0.11,220.0,1.57,0.33,0.0
503,30/8/2023,21:27:4,18.06,5.94,216.0,88.0,9.03,9.03
504,30/8/2023,21:27:5,18.39,6.05,220.0,88.0,9.2,9.2
505,30/8/2023,21:27:6,15.91,5.23,214.0,78.26,8.31,7.6
506,30/8/2023,21:27:7,0.32,0.11,216.0,1.57,0.32,0.0
507,30/8/2023,21:27:8,1.12,0.37,220.0,5.34,0.66,0.46
508,30/8/2023,21:27:9,18.06,5.94,216.0,88.0,9.03,9.03
509,30/8/2023,21:27:10,18.22,5.99,218.0,88.0,9.11,9.11
510,30/8/2023,21:27:11,5.53,1.82,218.0,26.71,3.25,2.28
511,30/8/2023,21:27:12,0.33,0.11,218.0,1.57,0.33,0.0
512,30/8/2023,21:27:13,1.89,0.62,218.0,9.11,0.98,0.91
513,30/8/2023,21:27:14,18.22,5.99,218.0,88.0,9.11,9.11
514,30/8/2023,21:27:15,16.99,5.58,218.0,82.03,8.79,8.2
515,30/8/2023,21:27:16,0.33,0.11,218.0,1.57,0.33,0.0
516,30/8/2023,21:27:17,0.33,0.11,218.0,1.57,0.33,0.0
517,30/8/2023,21:27:18,18.22,5.99,218.0,88.0,9.11,9.11
518,30/8/2023,21:27:19,18.39,6.05,220.0,88.0,9.2,9.2
519,30/8/2023,21:27:20,7.49,2.46,220.0,35.83,4.27,3.22
520,30/8/2023,21:27:21,0.33,0.11,218.0,1.57,0.33,0.0
521,30/8/2023,21:27:22,1.89,0.62,218.0,9.11,0.98,0.91
522,30/8/2023,21:27:23,18.22,5.99,218.0,88.0,9.11,9.11
523,30/8/2023,21:27:24,16.99,5.58,218.0,82.03,8.79,8.2
524,30/8/2023,21:27:25,0.33,0.11,220.0,1.57,0.33,0.0
525,30/8/2023,21:27:26,1.11,0.36,218.0,5.34,0.65,0.46
526,30/8/2023,21:27:27,18.22,5.99,218.0,88.0,9.11,9.11
527,30/8/2023,21:27:28,18.22,5.99,218.0,88.0,9.11,9.11
528,30/8/2023,21:27:29,0.32,0.11,216.0,1.57,0.32,0.0
529,30/8/2023,21:27:30,0.33,0.11,218.0,1.57,0.33,0.0
530,30/8/2023,21:27:31,16.01,5.26,218.0,77.31,7.81,8.2
531,30/8/2023,21:27:32,18.22,5.99,218.0,88.0,9.11,9.11
532,30/8/2023,21:27:33,13.86,4.56,218.0,66.94,7.49,6.38
533,30/8/2023,21:27:34,0.33,0.11,218.0,1.57,0.33,0.0
534,30/8/2023,21:27:35,1.9,0.63,220.0,9.11,0.99,0.92
535,30/8/2023,21:27:36,18.39,6.05,220.0,88.0,9.2,9.2
536,30/8/2023,21:27:37,16.99,5.58,218.0,82.03,8.79,8.2
537,30/8/2023,21:27:38,0.33,0.11,220.0,1.57,0.33,0.0
538,30/8/2023,21:27:39,0.33,0.11,220.0,1.57,0.33,0.0
539,30/8/2023,21:27:40,18.22,5.99,218.0,88.0,9.11,9.11
540,30/8/2023,21:27:41,18.22,5.99,218.0,88.0,9.11,9.11
541,30/8/2023,21:27:42,6.58,2.16,216.0,32.06,3.87,2.71
542,30/8/2023,21:27:43,0.33,0.11,218.0,1.57,0.33,0.0
543,30/8/2023,21:27:44,1.89,0.62,218.0,9.11,0.98,0.91
544,30/8/2023,21:27:45,18.22,5.99,218.0,88.0,9.11,9.11
545,30/8/2023,21:27:46,16.99,5.58,218.0,82.03,8.79,8.2
546,30/8/2023,21:27:47,0.33,0.11,218.0,1.57,0.33,0.0
547,30/8/2023,21:27:48,0.65,0.21,218.0,3.14,0.65,0.0
548,30/8/2023,21:27:49,18.06,5.94,216.0,88.0,9.03,9.03
549,30/8/2023,21:27:50,18.22,5.99,218.0,88.0,9.11,9.11
550,30/8/2023,21:27:51,0.66,0.22,220.0,3.14,0.66,0.0
551,30/8/2023,21:27:52,0.33,0.11,218.0,1.57,0.33,0.0
552,30/8/2023,21:27:53,2.67,0.88,218.0,12.89,1.3,1.37
553,30/8/2023,21:27:54,18.22,5.99,218.0,88.0,9.11,9.11
554,30/8/2023,21:27:55,16.51,5.43,216.0,80.46,8.38,8.13
555,30/8/2023,21:27:56,0.33,0.11,218.0,1.57,0.33,0.0
556,30/8/2023,21:27:57,1.11,0.36,218.0,5.34,0.65,0.46
557,30/8/2023,21:27:58,18.22,5.99,218.0,88.0,9.11,9.11
558,30/8/2023,21:27:59,18.22,5.99,218.0,88.0,9.11,9.11
559,30/8/2023,21:28:0,0.33,0.11,218.0,1.57,0.33,0.0
560,30/8/2023,21:28:1,0.33,0.11,218.0,1.57,0.33,0.0
561,30/8/2023,21:28:2,2.64,0.87,216.0,12.89,1.29,1.35
562,30/8/2023,21:28:3,18.22,5.99,218.0,88.0,9.11,9.11
563,30/8/2023,21:28:4,17.14,5.64,220.0,82.03,8.87,8.28
564,30/8/2023,21:28:5,0.33,0.11,218.0,1.57,0.33,0.0
565,30/8/2023,21:28:6,0.33,0.11,220.0,1.57,0.33,0.0
566,30/8/2023,21:28:7,18.22,5.99,218.0,88.0,9.11,9.11
567,30/8/2023,21:28:8,18.22,5.99,218.0,88.0,9.11,9.11
568,30/8/2023,21:28:9,11.52,3.79,218.0,55.63,6.51,5.01
569,30/8/2023,21:28:10,0.32,0.11,216.0,1.57,0.32,0.0
570,30/8/2023,21:28:11,1.43,0.47,218.0,6.91,0.98,0.46
571,30/8/2023,21:28:12,18.22,5.99,218.0,88.0,9.11,9.11
572,30/8/2023,21:28:13,16.99,5.58,218.0,82.03,8.79,8.2
573,30/8/2023,21:28:14,0.33,0.11,218.0,1.57,0.33,0.0
574,30/8/2023,21:28:15,0.65,0.21,218.0,3.14,0.65,0.0
575,30/8/2023,21:28:16,18.22,5.99,218.0,88.0,9.11,9.11
576,30/8/2023,21:28:17,18.22,5.99,218.0,88.0,9.11,9.11
577,30/8/2023,21:28:18,12.3,4.04,218.0,59.4,6.83,5.47
578,30/8/2023,21:28:19,0.33,0.11,218.0,1.57,0.33,0.0
579,30/8/2023,21:28:20,1.89,0.62,218.0,9.11,0.98,0.91
580,30/8/2023,21:28:21,18.22,5.99,218.0,88.0,9.11,9.11
581,30/8/2023,21:28:22,17.44,5.73,218.0,84.23,8.79,8.66
582,30/8/2023,21:28:23,0.33,0.11,218.0,1.57,0.33,0.0
583,30/8/2023,21:28:24,0.33,0.11,218.0,1.57,0.33,0.0
584,30/8/2023,21:28:25,13.34,4.39,218.0,64.43,6.51,6.83
585,30/8/2023,21:28:26,18.22,5.99,218.0,88.0,9.11,9.11
586,30/8/2023,21:28:27,16.21,5.33,218.0,78.26,8.46,7.75
587,30/8/2023,21:28:28,0.33,0.11,220.0,1.57,0.33,0.0
588,30/8/2023,21:28:29,1.1,0.36,216.0,5.34,0.64,0.45
589,30/8/2023,21:28:30,18.22,5.99,218.0,88.0,9.11,9.11
590,30/8/2023,21:28:31,18.22,5.99,218.0,88.0,9.11,9.11
591,30/8/2023,21:28:32,0.33,0.11,218.0,1.57,0.33,0.0
592,30/8/2023,21:28:33,0.33,0.11,218.0,1.57,0.33,0.0
593,30/8/2023,21:28:34,2.21,0.73,218.0,10.69,1.3,0.91
594,30/8/2023,21:28:35,18.22,5.99,218.0,88.0,9.11,9.11
595,30/8/2023,21:28:36,16.99,5.58,218.0,82.03,8.79,8.2
596,30/8/2023,21:28:37,0.33,0.11,218.0,1.57,0.33,0.0
597,30/8/2023,21:28:38,0.65,0.21,218.0,3.14,0.65,0.0
598,30/8/2023,21:28:39,18.22,5.99,218.0,88.0,9.11,9.11
599,30/8/2023,21:28:40,18.22,5.99,218.0,88.0,9.11,9.11
600,30/8/2023,21:28:41,7.42,2.44,218.0,35.83,4.23,3.19
601,30/8/2023,21:28:42,0.33,0.11,220.0,1.57,0.33,0.0
602,30/8/2023,21:28:43,1.89,0.62,218.0,9.11,0.98,0.91
603,30/8/2023,21:28:44,18.22,5.99,218.0,88.0,9.11,9.11
604,30/8/2023,21:28:45,16.99,5.58,218.0,82.03,8.79,8.2
605,30/8/2023,21:28:46,0.33,0.11,218.0,1.57,0.33,0.0
606,30/8/2023,21:28:47,1.12,0.37,220.0,5.34,0.66,0.46
607,30/8/2023,21:28:48,18.22,5.99,218.0,88.0,9.11,9.11
608,30/8/2023,21:28:49,18.22,5.99,218.0,88.0,9.11,9.11
609,30/8/2023,21:28:50,0.33,0.11,218.0,1.57,0.33,0.0
610,30/8/2023,21:28:51,0.32,0.11,214.0,1.57,0.32,0.0
611,30/8/2023,21:28:52,12.9,4.24,216.0,62.86,6.13,6.77
612,30/8/2023,21:28:53,18.22,5.99,218.0,88.0,9.11,9.11
613,30/8/2023,21:28:54,12.19,4.01,216.0,59.4,6.77,5.42
614,30/8/2023,21:28:55,0.32,0.11,214.0,1.57,0.32,0.0
615,30/8/2023,21:28:56,2.21,0.73,218.0,10.69,1.3,0.91
616,30/8/2023,21:28:57,18.22,5.99,218.0,88.0,9.11,9.11
617,30/8/2023,21:28:58,16.21,5.33,218.0,78.26,8.46,7.75
618,30/8/2023,21:28:59,0.32,0.11,216.0,1.57,0.32,0.0
619,30/8/2023,21:29:0,1.89,0.62,218.0,9.11,0.98,0.91
620,30/8/2023,21:29:1,18.22,5.99,218.0,88.0,9.11,9.11
621,30/8/2023,21:29:2,16.99,5.58,218.0,82.03,8.79,8.2
622,30/8/2023,21:29:3,0.33,0.11,218.0,1.57,0.33,0.0
623,30/8/2023,21:29:4,1.43,0.47,218.0,6.91,0.98,0.46
624,30/8/2023,21:29:5,18.55,6.1,218.0,89.57,9.44,9.11
625,30/8/2023,21:29:6,16.66,5.48,218.0,80.46,8.46,8.2
626,30/8/2023,21:29:8,0.33,0.11,218.0,1.57,0.33,0.0
627,30/8/2023,21:29:9,1.11,0.36,218.0,5.34,0.65,0.46
628,30/8/2023,21:29:10,18.22,5.99,218.0,88.0,9.11,9.11
629,30/8/2023,21:29:11,18.39,6.05,220.0,88.0,9.2,9.2
630,30/8/2023,21:29:12,0.33,0.11,218.0,1.57,0.33,0.0
631,30/8/2023,21:29:13,0.64,0.21,216.0,3.14,0.64,0.0
632,30/8/2023,21:29:14,18.22,5.99,218.0,88.0,9.11,9.11
633,30/8/2023,21:29:15,18.22,5.99,218.0,88.0,9.11,9.11
634,30/8/2023,21:29:16,0.33,0.11,218.0,1.57,0.33,0.0
635,30/8/2023,21:29:17,0.33,0.11,220.0,1.57,0.33,0.0
636,30/8/2023,21:29:18,11.35,3.73,216.0,55.31,5.48,5.87
637,30/8/2023,21:29:19,18.22,5.99,218.0,88.0,9.11,9.11
638,30/8/2023,21:29:20,15.11,4.97,220.0,72.29,8.21,6.9
639,30/8/2023,21:29:21,0.32,0.11,216.0,1.57,0.32,0.0
640,30/8/2023,21:29:22,1.89,0.62,218.0,9.11,0.98,0.91
641,30/8/2023,21:29:23,18.22,5.99,218.0,88.0,9.11,9.11
642,30/8/2023,21:29:24,16.99,5.58,218.0,82.03,8.79,8.2
643,30/8/2023,21:29:25,0.33,0.11,218.0,1.57,0.33,0.0
644,30/8/2023,21:29:26,0.65,0.21,218.0,3.14,0.65,0.0
645,30/8/2023,21:29:27,18.22,5.99,218.0,88.0,9.11,9.11
646,30/8/2023,21:29:28,18.22,5.99,218.0,88.0,9.11,9.11
647,30/8/2023,21:29:29,11.42,3.75,216.0,55.63,6.45,4.97
648,30/8/2023,21:29:30,0.33,0.11,218.0,1.57,0.33,0.0
649,30/8/2023,21:29:31,1.87,0.61,216.0,9.11,0.97,0.9
650,30/8/2023,21:29:32,18.22,5.99,218.0,88.0,9.11,9.11
651,30/8/2023,21:29:33,17.44,5.73,218.0,84.23,8.79,8.66
652,30/8/2023,21:29:34,0.33,0.11,218.0,1.57,0.33,0.0
653,30/8/2023,21:29:35,0.33,0.11,220.0,1.57,0.33,0.0
654,30/8/2023,21:29:36,14.12,4.64,218.0,68.2,6.83,7.29
655,30/8/2023,21:29:37,18.22,5.99,218.0,88.0,9.11,9.11
656,30/8/2023,21:29:38,16.36,5.38,220.0,78.26,8.54,7.82
657,30/8/2023,21:29:39,0.32,0.11,216.0,1.57,0.32,0.0
658,30/8/2023,21:29:40,1.11,0.36,218.0,5.34,0.65,0.46
659,30/8/2023,21:29:41,18.22,5.99,218.0,88.0,9.11,9.11
660,30/8/2023,21:29:42,18.22,5.99,218.0,88.0,9.11,9.11
661,30/8/2023,21:29:43,0.33,0.11,218.0,1.57,0.33,0.0
662,30/8/2023,21:29:44,0.33,0.11,218.0,1.57,0.33,0.0
663,30/8/2023,21:29:45,3.78,1.24,218.0,18.23,1.95,1.82
664,30/8/2023,21:29:46,18.22,5.99,218.0,88.0,9.11,9.11
665,30/8/2023,21:29:47,16.66,5.48,218.0,80.46,8.46,8.2
666,30/8/2023,21:29:48,0.33,0.11,220.0,1.57,0.33,0.0
667,30/8/2023,21:29:49,1.11,0.36,218.0,5.34,0.65,0.46
668,30/8/2023,21:29:50,17.89,5.88,214.0,88.0,8.95,8.95
669,30/8/2023,21:29:51,18.22,5.99,218.0,88.0,9.11,9.11
670,30/8/2023,21:29:52,0.33,0.11,218.0,1.57,0.33,0.0
671,30/8/2023,21:29:53,0.32,0.11,214.0,1.57,0.32,0.0
672,30/8/2023,21:29:54,13.79,4.53,220.0,66.0,6.9,6.9
673,30/8/2023,21:29:55,18.22,5.99,218.0,88.0,9.11,9.11
674,30/8/2023,21:29:56,13.61,4.47,214.0,66.94,7.35,6.26
675,30/8/2023,21:29:57,0.33,0.11,218.0,1.57,0.33,0.0
676,30/8/2023,21:29:58,1.89,0.62,218.0,9.11,0.98,0.91
677,30/8/2023,21:29:59,18.22,5.99,218.0,88.0,9.11,9.11
678,30/8/2023,21:30:0,16.68,5.48,214.0,82.03,8.63,8.05
679,30/8/2023,21:30:1,0.33,0.11,220.0,1.57,0.33,0.0
680,30/8/2023,21:30:2,1.43,0.47,218.0,6.91,0.98,0.46
681,30/8/2023,21:30:3,18.39,6.05,220.0,88.0,9.2,9.2
682,30/8/2023,21:30:4,18.22,5.99,218.0,88.0,9.11,9.11
683,30/8/2023,21:30:5,0.33,0.11,218.0,1.57,0.33,0.0
684,30/8/2023,21:30:6,0.33,0.11,220.0,1.57,0.33,0.0
685,30/8/2023,21:30:7,18.06,5.94,220.0,86.43,8.87,9.2
686,30/8/2023,21:30:8,18.22,5.99,218.0,88.0,9.11,9.11
687,30/8/2023,21:30:9,11.2,3.68,218.0,54.06,6.18,5.01
688,30/8/2023,21:30:10,0.33,0.11,218.0,1.57,0.33,0.0
689,30/8/2023,21:30:11,1.9,0.63,220.0,9.11,0.99,0.92
690,30/8/2023,21:30:12,18.22,5.99,218.0,88.0,9.11,9.11
691,30/8/2023,21:30:13,16.68,5.48,214.0,82.03,8.63,8.05
692,30/8/2023,21:30:14,0.33,0.11,218.0,1.57,0.33,0.0
693,30/8/2023,21:30:15,1.42,0.47,216.0,6.91,0.97,0.45
694,30/8/2023,21:30:16,18.22,5.99,218.0,88.0,9.11,9.11
695,30/8/2023,21:30:17,16.99,5.58,218.0,82.03,8.79,8.2
696,30/8/2023,21:30:18,0.32,0.11,214.0,1.57,0.32,0.0
697,30/8/2023,21:30:19,0.65,0.21,218.0,3.14,0.65,0.0
698,30/8/2023,21:30:20,18.22,5.99,218.0,88.0,9.11,9.11
699,30/8/2023,21:30:21,18.22,5.99,218.0,88.0,9.11,9.11
700,30/8/2023,21:30:22,0.33,0.11,218.0,1.57,0.33,0.0
701,30/8/2023,21:30:23,0.33,0.11,218.0,1.57,0.33,0.0
702,30/8/2023,21:30:24,12.24,4.02,218.0,59.09,5.86,6.38
703,30/8/2023,21:30:25,18.06,5.94,216.0,88.0,9.03,9.03
704,30/8/2023,21:30:26,15.88,5.22,218.0,76.69,8.14,7.75
705,30/8/2023,21:30:27,0.33,0.11,218.0,1.57,0.33,0.0
706,30/8/2023,21:30:28,1.89,0.62,218.0,9.11,0.98,0.91
707,30/8/2023,21:30:29,18.06,5.94,216.0,88.0,9.03,9.03
708,30/8/2023,21:30:30,16.99,5.58,218.0,82.03,8.79,8.2
709,30/8/2023,21:30:31,0.33,0.11,218.0,1.57,0.33,0.0
710,30/8/2023,21:30:32,0.32,0.11,216.0,1.57,0.32,0.0
711,30/8/2023,21:30:33,18.39,6.05,220.0,88.0,9.2,9.2
712,30/8/2023,21:30:34,18.22,5.99,218.0,88.0,9.11,9.11
713,30/8/2023,21:30:35,15.57,5.12,220.0,74.49,8.21,7.36
714,30/8/2023,21:30:36,0.33,0.11,218.0,1.57,0.33,0.0
715,30/8/2023,21:30:37,1.43,0.47,218.0,6.91,0.98,0.46
716,30/8/2023,21:30:38,18.06,5.94,216.0,88.0,9.03,9.03
717,30/8/2023,21:30:39,18.22,5.99,218.0,88.0,9.11,9.11
718,30/8/2023,21:30:40,0.33,0.11,220.0,1.57,0.33,0.0
719,30/8/2023,21:30:41,0.33,0.11,218.0,1.57,0.33,0.0
720,30/8/2023,21:30:42,4.23,1.39,218.0,20.43,1.95,2.28
721,30/8/2023,21:30:43,18.22,5.99,218.0,88.0,9.11,9.11
722,30/8/2023,21:30:44,16.51,5.43,216.0,80.46,8.38,8.13
723,30/8/2023,21:30:45,0.33,0.11,218.0,1.57,0.33,0.0
724,30/8/2023,21:30:46,0.65,0.21,218.0,3.14,0.65,0.0
725,30/8/2023,21:30:47,18.22,5.99,218.0,88.0,9.11,9.11
726,30/8/2023,21:30:48,18.22,5.99,218.0,88.0,9.11,9.11
727,30/8/2023,21:30:49,16.21,5.33,218.0,78.26,8.46,7.75
728,30/8/2023,21:30:50,0.33,0.11,218.0,1.57,0.33,0.0
729,30/8/2023,21:30:51,1.11,0.36,218.0,5.34,0.65,0.46
730,30/8/2023,21:30:52,18.22,5.99,218.0,88.0,9.11,9.11
731,30/8/2023,21:30:53,18.22,5.99,218.0,88.0,9.11,9.11
732,30/8/2023,21:30:54,11.63,3.82,220.0,55.63,6.57,5.06
733,30/8/2023,21:30:55,0.33,0.11,218.0,1.57,0.33,0.0
734,30/8/2023,21:30:56,1.43,0.47,218.0,6.91,0.98,0.46
735,30/8/2023,21:30:57,18.22,5.99,218.0,88.0,9.11,9.11
736,30/8/2023,21:30:58,18.22,5.99,218.0,88.0,9.11,9.11
737,30/8/2023,21:30:59,7.75,2.55,218.0,37.4,4.56,3.19
738,30/8/2023,21:31:0,0.33,0.11,220.0,1.57,0.33,0.0
739,30/8/2023,21:31:1,1.11,0.36,218.0,5.34,0.65,0.46
740,30/8/2023,21:31:2,18.22,5.99,218.0,88.0,9.11,9.11
741,30/8/2023,21:31:3,18.39,6.05,220.0,88.0,9.2,9.2
742,30/8/2023,21:31:4,14.19,4.66,218.0,68.51,7.81,6.38
743,30/8/2023,21:31:5,0.33,0.11,218.0,1.57,0.33,0.0
744,30/8/2023,21:31:6,1.12,0.37,220.0,5.34,0.66,0.46
745,30/8/2023,21:31:7,18.39,6.05,220.0,88.0,9.2,9.2
746,30/8/2023,21:31:8,18.22,5.99,218.0,88.0,9.11,9.11
747,30/8/2023,21:31:9,15.88,5.22,218.0,76.69,8.14,7.75
748,30/8/2023,21:31:10,0.33,0.11,218.0,1.57,0.33,0.0
749,30/8/2023,21:31:11,0.65,0.21,218.0,3.14,0.65,0.0
750,30/8/2023,21:31:12,18.22,5.99,218.0,88.0,9.11,9.11
751,30/8/2023,21:31:13,18.22,5.99,218.0,88.0,9.11,9.11
752,30/8/2023,21:31:14,16.21,5.33,218.0,78.26,8.46,7.75
753,30/8/2023,21:31:15,0.33,0.11,218.0,1.57,0.33,0.0
754,30/8/2023,21:31:16,0.33,0.11,218.0,1.57,0.33,0.0
755,30/8/2023,21:31:17,18.22,5.99,218.0,88.0,9.11,9.11
756,30/8/2023,21:31:18,18.22,5.99,218.0,88.0,9.11,9.11
757,30/8/2023,21:31:19,16.21,5.33,218.0,78.26,8.46,7.75
758,30/8/2023,21:31:20,0.33,0.11,220.0,1.57,0.33,0.0
759,30/8/2023,21:31:21,0.33,0.11,218.0,1.57,0.33,0.0
760,30/8/2023,21:31:22,17.9,5.88,218.0,86.43,8.79,9.11
761,30/8/2023,21:31:23,18.22,5.99,218.0,88.0,9.11,9.11
762,30/8/2023,21:31:24,16.66,5.48,218.0,80.46,8.46,8.2
763,30/8/2023,21:31:25,0.33,0.11,218.0,1.57,0.33,0.0
764,30/8/2023,21:31:26,0.33,0.11,218.0,1.57,0.33,0.0
765,30/8/2023,21:31:27,18.22,5.99,218.0,88.0,9.11,9.11
766,30/8/2023,21:31:28,18.22,5.99,218.0,88.0,9.11,9.11
767,30/8/2023,21:31:29,16.21,5.33,218.0,78.26,8.46,7.75
768,30/8/2023,21:31:30,0.33,0.11,218.0,1.57,0.33,0.0
769,30/8/2023,21:31:31,0.65,0.21,218.0,3.14,0.65,0.0
770,30/8/2023,21:31:32,18.22,5.99,218.0,88.0,9.11,9.11
771,30/8/2023,21:31:33,18.22,5.99,218.0,88.0,9.11,9.11
772,30/8/2023,21:31:34,15.43,5.07,218.0,74.49,8.14,7.29
773,30/8/2023,21:31:35,0.33,0.11,220.0,1.57,0.33,0.0
774,30/8/2023,21:31:36,1.45,0.47,220.0,6.91,0.99,0.46
775,30/8/2023,21:31:37,18.39,6.05,220.0,88.0,9.2,9.2
776,30/8/2023,21:31:38,18.22,5.99,218.0,88.0,9.11,9.11
777,30/8/2023,21:31:39,0.33,0.11,220.0,1.57,0.33,0.0
778,30/8/2023,21:31:40,0.33,0.11,218.0,1.57,0.33,0.0
779,30/8/2023,21:31:41,1.89,0.62,218.0,9.11,0.98,0.91
780,30/8/2023,21:31:42,18.39,6.05,220.0,88.0,9.2,9.2
781,30/8/2023,21:31:43,16.99,5.58,218.0,82.03,8.79,8.2
782,30/8/2023,21:31:44,0.33,0.11,218.0,1.57,0.33,0.0
783,30/8/2023,21:31:45,0.33,0.11,218.0,1.57,0.33,0.0
784,30/8/2023,21:31:46,7.68,2.52,218.0,37.09,3.58,4.1
785,30/8/2023,21:31:47,18.06,5.94,216.0,88.0,9.03,9.03
786,30/8/2023,21:31:48,16.99,5.58,218.0,82.03,8.79,8.2
787,30/8/2023,21:31:49,0.33,0.11,218.0,1.57,0.33,0.0
788,30/8/2023,21:31:50,0.33,0.11,220.0,1.57,0.33,0.0
789,30/8/2023,21:31:51,16.79,5.52,218.0,81.09,8.14,8.66
790,30/8/2023,21:31:52,18.22,5.99,218.0,88.0,9.11,9.11
791,30/8/2023,21:31:54,16.21,5.33,218.0,78.26,8.46,7.75
792,30/8/2023,21:31:55,0.33,0.11,218.0,1.57,0.33,0.0
793,30/8/2023,21:31:56,0.65,0.21,218.0,3.14,0.65,0.0
794,30/8/2023,21:31:57,18.22,5.99,218.0,88.0,9.11,9.11
795,30/8/2023,21:31:58,18.55,6.1,218.0,89.57,9.44,9.11
796,30/8/2023,21:31:59,14.65,4.81,218.0,70.71,7.81,6.83
797,30/8/2023,21:32:0,0.33,0.11,218.0,1.57,0.33,0.0
798,30/8/2023,21:32:1,1.43,0.47,218.0,6.91,0.98,0.46
799,30/8/2023,21:32:2,18.22,5.99,218.0,88.0,9.11,9.11
800,30/8/2023,21:32:3,18.39,6.05,220.0,88.0,9.2,9.2
801,30/8/2023,21:32:4,7.42,2.44,218.0,35.83,4.23,3.19
802,30/8/2023,21:32:5,0.33,0.11,220.0,1.57,0.33,0.0
803,30/8/2023,21:32:6,1.89,0.62,218.0,9.11,0.98,0.91
804,30/8/2023,21:32:7,18.22,5.99,218.0,88.0,9.11,9.11
805,30/8/2023,21:32:8,18.22,5.99,218.0,88.0,9.11,9.11
806,30/8/2023,21:32:9,4.75,1.56,218.0,22.94,2.93,1.82
807,30/8/2023,21:32:10,0.33,0.11,218.0,1.57,0.33,0.0
808,30/8/2023,21:32:11,1.43,0.47,218.0,6.91,0.98,0.46
809,30/8/2023,21:32:12,18.22,5.99,218.0,88.0,9.11,9.11
810,30/8/2023,21:32:13,18.22,5.99,218.0,88.0,9.11,9.11
811,30/8/2023,21:32:14,7.42,2.44,218.0,35.83,4.23,3.19
812,30/8/2023,21:32:15,0.33,0.11,220.0,1.57,0.33,0.0
813,30/8/2023,21:32:16,1.43,0.47,218.0,6.91,0.98,0.46
814,30/8/2023,21:32:17,18.22,5.99,218.0,88.0,9.11,9.11
815,30/8/2023,21:32:18,18.22,5.99,218.0,88.0,9.11,9.11
816,30/8/2023,21:32:19,13.86,4.56,218.0,66.94,7.49,6.38
817,30/8/2023,21:32:20,0.33,0.11,220.0,1.57,0.33,0.0
818,30/8/2023,21:32:21,1.11,0.36,218.0,5.34,0.65,0.46
819,30/8/2023,21:32:22,18.22,5.99,218.0,88.0,9.11,9.11
820,30/8/2023,21:32:23,18.22,5.99,218.0,88.0,9.11,9.11
821,30/8/2023,21:32:24,16.21,5.33,218.0,78.26,8.46,7.75
822,30/8/2023,21:32:25,0.33,0.11,220.0,1.57,0.33,0.0
823,30/8/2023,21:32:26,0.65,0.21,218.0,3.14,0.65,0.0
824,30/8/2023,21:32:27,18.22,5.99,218.0,88.0,9.11,9.11
825,30/8/2023,21:32:28,18.39,6.05,220.0,88.0,9.2,9.2
826,30/8/2023,21:32:29,16.21,5.33,218.0,78.26,8.46,7.75
827,30/8/2023,21:32:30,0.33,0.11,218.0,1.57,0.33,0.0
828,30/8/2023,21:32:31,0.33,0.11,220.0,1.57,0.33,0.0
829,30/8/2023,21:32:32,18.22,5.99,218.0,88.0,9.11,9.11
830,30/8/2023,21:32:33,18.22,5.99,218.0,88.0,9.11,9.11
831,30/8/2023,21:32:34,16.21,5.33,218.0,78.26,8.46,7.75
832,30/8/2023,21:32:35,0.33,0.11,220.0,1.57,0.33,0.0
833,30/8/2023,21:32:36,0.65,0.21,218.0,3.14,0.65,0.0
834,30/8/2023,21:32:37,18.06,5.94,216.0,88.0,9.03,9.03
835,30/8/2023,21:32:38,17.89,5.88,214.0,88.0,8.95,8.95
836,30/8/2023,21:32:39,16.21,5.33,218.0,78.26,8.46,7.75
837,30/8/2023,21:32:40,0.33,0.11,218.0,1.57,0.33,0.0
838,30/8/2023,21:32:41,0.65,0.21,218.0,3.14,0.65,0.0
839,30/8/2023,21:32:42,18.22,5.99,218.0,88.0,9.11,9.11
840,30/8/2023,21:32:43,18.39,6.05,220.0,88.0,9.2,9.2
841,30/8/2023,21:32:44,16.66,5.48,218.0,80.46,8.46,8.2
842,30/8/2023,21:32:45,0.33,0.11,218.0,1.57,0.33,0.0
843,30/8/2023,21:32:46,0.33,0.11,218.0,1.57,0.33,0.0
844,30/8/2023,21:32:47,3.91,1.28,218.0,18.86,1.63,2.28
845,30/8/2023,21:32:48,18.06,5.94,216.0,88.0,9.03,9.03
846,30/8/2023,21:32:49,17.44,5.73,218.0,84.23,8.79,8.66
847,30/8/2023,21:32:50,0.33,0.11,218.0,1.57,0.33,0.0
848,30/8/2023,21:32:51,0.33,0.11,218.0,1.57,0.33,0.0
849,30/8/2023,21:32:52,1.43,0.47,218.0,6.91,0.98,0.46
850,30/8/2023,21:32:53,18.39,6.05,220.0,88.0,9.2,9.2
851,30/8/2023,21:32:54,18.22,5.99,218.0,88.0,9.11,9.11
852,30/8/2023,21:32:55,15.43,5.07,218.0,74.49,8.14,7.29
853,30/8/2023,21:32:56,0.33,0.11,218.0,1.57,0.33,0.0
854,30/8/2023,21:32:57,0.66,0.22,220.0,3.14,0.66,0.0
855,30/8/2023,21:32:58,16.95,5.57,220.0,81.09,8.21,8.74
856,30/8/2023,21:32:59,18.22,5.99,218.0,88.0,9.11,9.11
857,30/8/2023,21:33:0,16.99,5.58,218.0,82.03,8.79,8.2
858,30/8/2023,21:33:1,0.33,0.11,220.0,1.57,0.33,0.0
859,30/8/2023,21:33:2,0.33,0.11,218.0,1.57,0.33,0.0
860,30/8/2023,21:33:3,1.43,0.47,218.0,6.91,0.98,0.46
861,30/8/2023,21:33:4,18.22,5.99,218.0,88.0,9.11,9.11
862,30/8/2023,21:33:5,18.22,5.99,218.0,88.0,9.11,9.11
863,30/8/2023,21:33:6,16.66,5.48,218.0,80.46,8.46,8.2
864,30/8/2023,21:33:7,0.33,0.11,218.0,1.57,0.33,0.0
865,30/8/2023,21:33:8,0.33,0.11,218.0,1.57,0.33,0.0
866,30/8/2023,21:33:9,1.89,0.62,218.0,9.11,0.98,0.91
867,30/8/2023,21:33:10,18.39,6.05,220.0,88.0,9.2,9.2
868,30/8/2023,21:33:11,18.22,5.99,218.0,88.0,9.11,9.11
869,30/8/2023,21:33:12,16.36,5.38,220.0,78.26,8.54,7.82
870,30/8/2023,21:33:13,0.33,0.11,218.0,1.57,0.33,0.0
871,30/8/2023,21:33:14,0.33,0.11,220.0,1.57,0.33,0.0
872,30/8/2023,21:33:15,1.89,0.62,218.0,9.11,0.98,0.91
873,30/8/2023,21:33:16,18.22,5.99,218.0,88.0,9.11,9.11
874,30/8/2023,21:33:17,18.22,5.99,218.0,88.0,9.11,9.11
875,30/8/2023,21:33:18,16.82,5.53,220.0,80.46,8.54,8.28
876,30/8/2023,21:33:19,0.33,0.11,218.0,1.57,0.33,0.0
877,30/8/2023,21:33:20,0.33,0.11,218.0,1.57,0.33,0.0
878,30/8/2023,21:33:21,1.43,0.47,218.0,6.91,0.98,0.46
879,30/8/2023,21:33:22,18.22,5.99,218.0,88.0,9.11,9.11
880,30/8/2023,21:33:23,18.22,5.99,218.0,88.0,9.11,9.11
881,30/8/2023,21:33:24,16.99,5.58,218.0,82.03,8.79,8.2
882,30/8/2023,21:33:25,0.33,0.11,220.0,1.57,0.33,0.0
883,30/8/2023,21:33:26,0.33,0.11,218.0,1.57,0.33,0.0
884,30/8/2023,21:33:27,0.65,0.21,218.0,3.14,0.65,0.0
885,30/8/2023,21:33:28,16.79,5.52,218.0,81.09,8.14,8.66
886,30/8/2023,21:33:29,18.22,5.99,218.0,88.0,9.11,9.11
887,30/8/2023,21:33:30,17.44,5.73,218.0,84.23,8.79,8.66
888,30/8/2023,21:33:31,1.3,0.43,218.0,6.29,1.3,0.0
889,30/8/2023,21:33:32,0.33,0.11,218.0,1.57,0.33,0.0
890,30/8/2023,21:33:33,0.65,0.21,218.0,3.14,0.65,0.0
891,30/8/2023,21:33:34,10.67,3.51,218.0,51.54,5.21,5.47
892,30/8/2023,21:33:35,18.39,6.05,220.0,88.0,9.2,9.2
893,30/8/2023,21:33:36,18.39,6.05,220.0,88.0,9.2,9.2
894,30/8/2023,21:33:37,8.6,2.83,220.0,41.17,4.93,3.68
895,30/8/2023,21:33:38,0.33,0.11,220.0,1.57,0.33,0.0
896,30/8/2023,21:33:39,0.66,0.22,220.0,3.14,0.66,0.0
897,30/8/2023,21:33:40,4.23,1.39,218.0,20.43,1.95,2.28
898,30/8/2023,21:33:41,18.22,5.99,218.0,88.0,9.11,9.11
899,30/8/2023,21:33:42,18.22,5.99,218.0,88.0,9.11,9.11
900,30/8/2023,21:33:43,12.96,4.26,216.0,63.17,7.09,5.87
901,30/8/2023,21:33:44,0.33,0.11,218.0,1.57,0.33,0.0
902,30/8/2023,21:33:45,0.65,0.21,218.0,3.14,0.65,0.0
903,30/8/2023,21:33:46,3.48,1.14,220.0,16.66,1.64,1.84
904,30/8/2023,21:33:47,18.22,5.99,218.0,88.0,9.11,9.11
905,30/8/2023,21:33:48,18.06,5.94,216.0,88.0,9.03,9.03
906,30/8/2023,21:33:49,13.41,4.41,218.0,64.74,7.49,5.92
907,30/8/2023,21:33:50,0.33,0.11,218.0,1.57,0.33,0.0
908,30/8/2023,21:33:51,0.65,0.21,218.0,3.14,0.65,0.0
909,30/8/2023,21:33:52,6.12,2.01,218.0,29.54,2.93,3.19
910,30/8/2023,21:33:53,18.39,6.05,220.0,88.0,9.2,9.2
911,30/8/2023,21:33:54,17.9,5.88,218.0,86.43,8.79,9.11
912,30/8/2023,21:33:55,8.2,2.7,218.0,39.6,4.56,3.65
913,30/8/2023,21:33:56,0.33,0.11,218.0,1.57,0.33,0.0
914,30/8/2023,21:33:57,0.33,0.11,218.0,1.57,0.33,0.0
915,30/8/2023,21:33:58,6.9,2.27,218.0,33.31,3.25,3.65
916,30/8/2023,21:33:59,18.22,5.99,218.0,88.0,9.11,9.11
917,30/8/2023,21:34:0,18.22,5.99,218.0,88.0,9.11,9.11
918,30/8/2023,21:34:1,15.88,5.22,218.0,76.69,8.14,7.75
919,30/8/2023,21:34:2,0.33,0.11,218.0,1.57,0.33,0.0
920,30/8/2023,21:34:3,0.33,0.11,218.0,1.57,0.33,0.0
921,30/8/2023,21:34:4,1.45,0.47,220.0,6.91,0.99,0.46
922,30/8/2023,21:34:5,18.22,5.99,218.0,88.0,9.11,9.11
923,30/8/2023,21:34:6,18.22,5.99,218.0,88.0,9.11,9.11
924,30/8/2023,21:34:7,16.99,5.58,218.0,82.03,8.79,8.2
925,30/8/2023,21:34:8,3.97,1.31,218.0,19.17,2.6,1.37
926,30/8/2023,21:34:9,0.32,0.11,216.0,1.57,0.32,0.0
927,30/8/2023,21:34:10,0.33,0.11,218.0,1.57,0.33,0.0
928,30/8/2023,21:34:11,1.9,0.63,220.0,9.11,0.99,0.92
929,30/8/2023,21:34:12,18.22,5.99,218.0,88.0,9.11,9.11
930,30/8/2023,21:34:13,18.22,5.99,218.0,88.0,9.11,9.11
931,30/8/2023,21:34:14,16.99,5.58,218.0,82.03,8.79,8.2
932,30/8/2023,21:34:15,0.65,0.21,218.0,3.14,0.65,0.0
933,30/8/2023,21:34:16,0.33,0.11,218.0,1.57,0.33,0.0
934,30/8/2023,21:34:17,0.33,0.11,218.0,1.57,0.33,0.0
935,30/8/2023,21:34:18,1.89,0.62,218.0,9.11,0.98,0.91
936,30/8/2023,21:34:19,18.39,6.05,220.0,88.0,9.2,9.2
937,30/8/2023,21:34:20,18.22,5.99,218.0,88.0,9.11,9.11
938,30/8/2023,21:34:21,16.99,5.58,218.0,82.03,8.79,8.2
939,30/8/2023,21:34:22,1.31,0.43,220.0,6.29,1.31,0.0
940,30/8/2023,21:34:23,0.33,0.11,220.0,1.57,0.33,0.0
941,30/8/2023,21:34:24,0.33,0.11,218.0,1.57,0.33,0.0
942,30/8/2023,21:34:25,1.89,0.62,218.0,9.11,0.98,0.91
943,30/8/2023,21:34:26,18.22,5.99,218.0,88.0,9.11,9.11
944,30/8/2023,21:34:27,18.22,5.99,218.0,88.0,9.11,9.11
945,30/8/2023,21:34:28,16.99,5.58,218.0,82.03,8.79,8.2
946,30/8/2023,21:34:29,4.75,1.56,218.0,22.94,2.93,1.82
947,30/8/2023,21:34:30,0.33,0.11,220.0,1.57,0.33,0.0
948,30/8/2023,21:34:31,0.33,0.11,218.0,1.57,0.33,0.0
949,30/8/2023,21:34:32,1.89,0.62,218.0,9.11,0.98,0.91
950,30/8/2023,21:34:33,18.22,5.99,218.0,88.0,9.11,9.11
951,30/8/2023,21:34:34,18.22,5.99,218.0,88.0,9.11,9.11
952,30/8/2023,21:34:35,17.77,5.84,218.0,85.8,9.11,8.66
953,30/8/2023,21:34:36,8.53,2.8,218.0,41.17,4.88,3.65
954,30/8/2023,21:34:37,0.33,0.11,218.0,1.57,0.33,0.0
955,30/8/2023,21:34:38,0.33,0.11,218.0,1.57,0.33,0.0
956,30/8/2023,21:34:39,1.87,0.61,216.0,9.11,0.97,0.9
957,30/8/2023,21:34:41,18.22,5.99,218.0,88.0,9.11,9.11
958,30/8/2023,21:34:42,18.22,5.99,218.0,88.0,9.11,9.11
959,30/8/2023,21:34:43,17.9,5.88,218.0,86.43,8.79,9.11
960,30/8/2023,21:34:44,13.86,4.56,218.0,66.94,7.49,6.38
961,30/8/2023,21:34:45,0.33,0.11,218.0,1.57,0.33,0.0
962,30/8/2023,21:34:46,0.33,0.11,218.0,1.57,0.33,0.0
963,30/8/2023,21:34:47,1.45,0.47,220.0,6.91,0.99,0.46
964,30/8/2023,21:34:48,18.39,6.05,220.0,88.0,9.2,9.2
965,30/8/2023,21:34:49,18.39,6.05,220.0,88.0,9.2,9.2
966,30/8/2023,21:34:50,18.39,6.05,220.0,88.0,9.2,9.2
967,30/8/2023,21:34:51,15.43,5.07,218.0,74.49,8.14,7.29
968,30/8/2023,21:34:52,0.33,0.11,218.0,1.57,0.33,0.0
969,30/8/2023,21:34:53,0.33,0.11,218.0,1.57,0.33,0.0
970,30/8/2023,21:34:54,1.11,0.36,218.0,5.34,0.65,0.46
971,30/8/2023,21:34:55,12.56,4.13,218.0,60.66,6.18,6.38
972,30/8/2023,21:34:56,18.22,5.99,218.0,88.0,9.11,9.11
973,30/8/2023,21:34:57,18.22,5.99,218.0,88.0,9.11,9.11
974,30/8/2023,21:34:58,16.66,5.48,218.0,80.46,8.46,8.2
975,30/8/2023,21:34:59,0.33,0.11,220.0,1.57,0.33,0.0
976,30/8/2023,21:35:0,0.33,0.11,220.0,1.57,0.33,0.0
977,30/8/2023,21:35:1,0.33,0.11,218.0,1.57,0.33,0.0
978,30/8/2023,21:35:2,1.89,0.62,218.0,9.11,0.98,0.91
979,30/8/2023,21:35:3,18.22,5.99,218.0,88.0,9.11,9.11
980,30/8/2023,21:35:4,18.22,5.99,218.0,88.0,9.11,9.11
981,30/8/2023,21:35:5,18.22,5.99,218.0,88.0,9.11,9.11
982,30/8/2023,21:35:6,16.99,5.58,218.0,82.03,8.79,8.2
983,30/8/2023,21:35:7,0.65,0.21,218.0,3.14,0.65,0.0
984,30/8/2023,21:35:8,0.33,0.11,218.0,1.57,0.33,0.0
985,30/8/2023,21:35:9,0.33,0.11,220.0,1.57,0.33,0.0
986,30/8/2023,21:35:10,1.11,0.36,218.0,5.34,0.65,0.46
987,30/8/2023,21:35:11,4.23,1.39,218.0,20.43,1.95,2.28
988,30/8/2023,21:35:12,18.22,5.99,218.0,88.0,9.11,9.11
989,30/8/2023,21:35:13,18.06,5.94,216.0,88.0,9.03,9.03
990,30/8/2023,21:35:14,18.22,5.99,218.0,88.0,9.11,9.11
991,30/8/2023,21:35:15,16.21,5.33,218.0,78.26,8.46,7.75
992,30/8/2023,21:35:16,0.33,0.11,218.0,1.57,0.33,0.0
993,30/8/2023,21:35:17,0.33,0.11,218.0,1.57,0.33,0.0
994,30/8/2023,21:35:18,0.33,0.11,222.0,1.57,0.33,0.0
995,30/8/2023,21:35:19,1.42,0.47,216.0,6.91,0.97,0.45
996,30/8/2023,21:35:20,9.57,3.14,218.0,46.2,4.56,5.01
997,30/8/2023,21:35:21,18.38,6.04,216.0,89.57,9.35,9.03
998,30/8/2023,21:35:22,18.22,5.99,218.0,88.0,9.11,9.11
999,30/8/2023,21:35:23,18.22,5.99,218.0,88.0,9.11,9.11
1000,30/8/2023,21:35:24,16.21,5.33,218.0,78.26,8.46,7.75
